Date,Close
1/2/2015 16:00:00,2.96
1/5/2015 16:00:00,2.96
1/6/2015 16:00:00,2.91
1/7/2015 16:00:00,2.87
1/8/2015 16:00:00,2.81
1/9/2015 16:00:00,2.84
1/12/2015 16:00:00,2.87
1/13/2015 16:00:00,2.83
1/14/2015 16:00:00,2.93
1/15/2015 16:00:00,3.08
1/16/2015 16:00:00,3.09
1/19/2015 16:00:00,3.17
1/20/2015 16:00:00,3.3
1/21/2015 16:00:00,3.29
1/22/2015 16:00:00,3.2
1/23/2015 16:00:00,3.3
1/27/2015 16:00:00,3.2
1/28/2015 16:00:00,3.2
1/29/2015 16:00:00,3.25
1/30/2015 16:00:00,3.34
2/2/2015 16:00:00,3.3
2/3/2015 16:00:00,3.38
2/4/2015 16:00:00,3.48
2/5/2015 16:00:00,3.52
2/6/2015 16:00:00,3.55
2/9/2015 16:00:00,3.57
2/10/2015 16:00:00,3.76
2/11/2015 16:00:00,3.84
2/12/2015 16:00:00,3.8
2/13/2015 16:00:00,3.94
2/16/2015 16:00:00,4.22
2/17/2015 16:00:00,4.03
2/18/2015 16:00:00,4.16
2/19/2015 16:00:00,4.04
2/20/2015 16:00:00,3.97
2/23/2015 16:00:00,4.1
2/24/2015 16:00:00,4.16
2/25/2015 16:00:00,4.17
2/26/2015 16:00:00,4.18
2/27/2015 16:00:00,4.11
3/2/2015 16:00:00,4.14
3/3/2015 16:00:00,4.17
3/4/2015 16:00:00,4.22
3/5/2015 16:00:00,4.26
3/6/2015 16:00:00,4.38
3/9/2015 16:00:00,4.17
3/10/2015 16:00:00,4.13
3/11/2015 16:00:00,4.07
3/12/2015 16:00:00,4
3/13/2015 16:00:00,4.08
3/16/2015 16:00:00,4.06
3/17/2015 16:00:00,4.07
3/18/2015 16:00:00,4.03
3/19/2015 16:00:00,3.88
3/20/2015 16:00:00,3.73
3/23/2015 16:00:00,3.68
3/24/2015 16:00:00,3.64
3/25/2015 16:00:00,3.61
3/26/2015 16:00:00,3.52
3/27/2015 16:00:00,3.41
3/30/2015 16:00:00,3.34
3/31/2015 16:00:00,3.43
4/1/2015 16:00:00,3.42
4/2/2015 16:00:00,3.52
4/7/2015 16:00:00,3.45
4/8/2015 16:00:00,3.47
4/9/2015 16:00:00,3.35
4/10/2015 16:00:00,3.32
4/13/2015 16:00:00,3.25
4/14/2015 16:00:00,3.34
4/15/2015 16:00:00,3.25
4/16/2015 16:00:00,3.29
4/17/2015 16:00:00,3.31
4/20/2015 16:00:00,3.26
4/21/2015 16:00:00,3.33
4/22/2015 16:00:00,3.26
4/23/2015 16:00:00,3.26
4/24/2015 16:00:00,3.44
4/27/2015 16:00:00,3.52
4/28/2015 16:00:00,3.58
4/29/2015 16:00:00,3.55
4/30/2015 16:00:00,3.63
5/1/2015 16:00:00,3.62
5/4/2015 16:00:00,3.73
5/6/2015 16:00:00,3.75
5/7/2015 16:00:00,3.75
5/8/2015 16:00:00,3.73
5/11/2015 16:00:00,3.9
5/12/2015 16:00:00,3.91
5/13/2015 16:00:00,3.92
5/14/2015 16:00:00,3.79
5/15/2015 16:00:00,3.82
5/18/2015 16:00:00,3.86
5/19/2015 16:00:00,3.84
5/20/2015 16:00:00,3.91
5/21/2015 16:00:00,4.12
5/22/2015 16:00:00,4.14
5/25/2015 16:00:00,4.17
5/26/2015 16:00:00,4.1
5/27/2015 16:00:00,3.99
5/28/2015 16:00:00,4.08
5/29/2015 16:00:00,4.17
6/1/2015 16:00:00,3.97
6/2/2015 16:00:00,4.03
6/3/2015 16:00:00,3.8
6/4/2015 16:00:00,3.42
6/5/2015 16:00:00,3.51
6/9/2015 16:00:00,3.46
6/10/2015 16:00:00,3.49
6/11/2015 16:00:00,3.64
6/12/2015 16:00:00,3.69
6/15/2015 16:00:00,3.62
6/16/2015 16:00:00,3.42
6/17/2015 16:00:00,3.45
6/18/2015 16:00:00,3.8
6/19/2015 16:00:00,3.75
6/22/2015 16:00:00,3.94
6/23/2015 16:00:00,3.83
6/24/2015 16:00:00,3.77
6/25/2015 16:00:00,3.84
6/26/2015 16:00:00,3.77
6/29/2015 16:00:00,3.58
6/30/2015 16:00:00,3.47
7/1/2015 16:00:00,3.64
7/2/2015 16:00:00,3.57
7/3/2015 16:00:00,3.48
7/6/2015 16:00:00,3.39
7/7/2015 16:00:00,3.58
7/8/2015 16:00:00,3.38
7/9/2015 16:00:00,3.48
7/10/2015 16:00:00,3.48
7/13/2015 16:00:00,3.39
7/14/2015 16:00:00,3.59
7/15/2015 16:00:00,3.59
7/16/2015 16:00:00,3.64
7/17/2015 16:00:00,3.63
7/20/2015 16:00:00,3.56
7/21/2015 16:00:00,3.56
7/22/2015 16:00:00,3.48
7/23/2015 16:00:00,3.49
7/24/2015 16:00:00,3.46
7/27/2015 16:00:00,3.31
7/28/2015 16:00:00,3.26
7/29/2015 16:00:00,3.34
7/30/2015 16:00:00,3.41
8/6/2015 16:00:00,3.14
8/7/2015 16:00:00,3.23
8/10/2015 16:00:00,3.31
8/11/2015 16:00:00,3.39
8/12/2015 16:00:00,3.27
8/13/2015 16:00:00,3.22
8/14/2015 16:00:00,2.99
8/17/2015 16:00:00,2.89
8/18/2015 16:00:00,2.99
8/19/2015 16:00:00,2.88
8/20/2015 16:00:00,2.84
8/21/2015 16:00:00,2.77
8/24/2015 16:00:00,2.54
8/25/2015 16:00:00,2.59
8/26/2015 16:00:00,2.52
8/27/2015 16:00:00,2.67
8/28/2015 16:00:00,2.79
8/31/2015 16:00:00,2.8
9/1/2015 16:00:00,2.65
9/2/2015 16:00:00,2.56
9/3/2015 16:00:00,2.58
9/4/2015 16:00:00,2.54
9/7/2015 16:00:00,2.47
9/8/2015 16:00:00,2.53
9/9/2015 16:00:00,2.62
9/10/2015 16:00:00,2.58
9/11/2015 16:00:00,2.72
9/14/2015 16:00:00,2.6
9/15/2015 16:00:00,2.48
9/16/2015 16:00:00,2.5
9/17/2015 16:00:00,2.56
9/18/2015 16:00:00,2.56
9/21/2015 16:00:00,2.49
9/22/2015 16:00:00,2.52
9/23/2015 16:00:00,2.39
9/24/2015 16:00:00,2.3
9/25/2015 16:00:00,2.38
9/28/2015 16:00:00,2.4
9/29/2015 16:00:00,2.28
9/30/2015 16:00:00,2.33
10/1/2015 16:00:00,2.61
10/2/2015 16:00:00,2.51
10/5/2015 16:00:00,2.68
10/6/2015 16:00:00,2.64
10/7/2015 16:00:00,2.76
10/8/2015 16:00:00,2.78
10/9/2015 16:00:00,2.99
10/12/2015 16:00:00,2.97
10/13/2015 16:00:00,2.99
10/14/2015 16:00:00,2.93
10/15/2015 16:00:00,2.91
10/16/2015 16:00:00,2.95
10/19/2015 16:00:00,2.96
10/20/2015 16:00:00,2.77
10/21/2015 16:00:00,2.84
10/22/2015 16:00:00,2.84
10/23/2015 16:00:00,2.97
10/26/2015 16:00:00,2.96
10/27/2015 16:00:00,2.92
10/28/2015 16:00:00,2.9
10/29/2015 16:00:00,2.97
10/30/2015 16:00:00,2.98
11/2/2015 16:00:00,2.92
11/3/2015 16:00:00,2.91
11/4/2015 16:00:00,2.92
11/5/2015 16:00:00,2.93
11/6/2015 16:00:00,2.97
11/9/2015 16:00:00,3.11
11/10/2015 16:00:00,3.05
11/11/2015 16:00:00,3.05
11/12/2015 16:00:00,3.11
11/13/2015 16:00:00,3.03
11/16/2015 16:00:00,2.98
11/17/2015 16:00:00,3.06
11/18/2015 16:00:00,3.22
11/19/2015 16:00:00,3.3
11/20/2015 16:00:00,3.32
11/23/2015 16:00:00,3.39
11/24/2015 16:00:00,3.39
11/25/2015 16:00:00,3.36
11/26/2015 16:00:00,3.38
11/27/2015 16:00:00,3.34
11/30/2015 16:00:00,3.32
12/1/2015 16:00:00,3.43
12/2/2015 16:00:00,3.36
12/3/2015 16:00:00,3.33
12/4/2015 16:00:00,3.2
12/7/2015 16:00:00,3.24
12/8/2015 16:00:00,3.1
12/9/2015 16:00:00,3.09
12/10/2015 16:00:00,2.98
12/11/2015 16:00:00,3.03
12/14/2015 16:00:00,2.97
12/15/2015 16:00:00,2.97
12/16/2015 16:00:00,3.11
12/17/2015 16:00:00,3.39
12/18/2015 16:00:00,3.31
12/21/2015 16:00:00,3.24
12/22/2015 16:00:00,3.24
12/23/2015 16:00:00,3.29
12/24/2015 16:00:00,3.45
12/29/2015 16:00:00,3.48
12/30/2015 16:00:00,3.52
12/31/2015 16:00:00,3.69
1/4/2016 16:00:00,3.64
1/5/2016 16:00:00,3.58
1/6/2016 16:00:00,3.52
1/7/2016 16:00:00,3.36
1/8/2016 16:00:00,3.31
1/11/2016 16:00:00,3.35
1/12/2016 16:00:00,3.28
1/13/2016 16:00:00,3.28
1/14/2016 16:00:00,3.11
1/15/2016 16:00:00,3.18
1/18/2016 16:00:00,3.22
1/19/2016 16:00:00,3.34
1/20/2016 16:00:00,3.29
1/21/2016 16:00:00,3.29
1/22/2016 16:00:00,3.39
1/25/2016 16:00:00,3.41
1/27/2016 16:00:00,3.4
1/28/2016 16:00:00,3.46
1/29/2016 16:00:00,3.62
2/1/2016 16:00:00,3.66
2/2/2016 16:00:00,3.56
2/3/2016 16:00:00,3.54
2/4/2016 16:00:00,3.63
2/5/2016 16:00:00,3.75
2/8/2016 16:00:00,3.69
2/9/2016 16:00:00,3.56
2/10/2016 16:00:00,3.57
2/11/2016 16:00:00,3.61
2/12/2016 16:00:00,3.58
2/15/2016 16:00:00,3.69
2/16/2016 16:00:00,3.85
2/17/2016 16:00:00,3.75
2/18/2016 16:00:00,3.83
2/19/2016 16:00:00,3.81
2/22/2016 16:00:00,3.83
2/23/2016 16:00:00,3.8
2/24/2016 16:00:00,3.74
2/25/2016 16:00:00,3.76
2/26/2016 16:00:00,3.86
2/29/2016 16:00:00,4.19
3/1/2016 16:00:00,4.11
3/2/2016 16:00:00,4.11
3/3/2016 16:00:00,4.12
3/4/2016 16:00:00,4.13
3/7/2016 16:00:00,4.16
3/8/2016 16:00:00,4.04
3/9/2016 16:00:00,3.89
3/10/2016 16:00:00,4.06
3/11/2016 16:00:00,3.98
3/14/2016 16:00:00,4.03
3/15/2016 16:00:00,3.93
3/16/2016 16:00:00,3.86
3/17/2016 16:00:00,3.86
3/18/2016 16:00:00,3.86
3/21/2016 16:00:00,3.81
3/22/2016 16:00:00,3.81
3/23/2016 16:00:00,3.84
3/24/2016 16:00:00,3.82
3/29/2016 16:00:00,3.67
3/30/2016 16:00:00,3.7
3/31/2016 16:00:00,3.84
4/1/2016 16:00:00,3.87
4/4/2016 16:00:00,3.84
4/5/2016 16:00:00,3.59
4/6/2016 16:00:00,3.48
4/7/2016 16:00:00,3.46
4/8/2016 16:00:00,3.49
4/11/2016 16:00:00,3.7
4/12/2016 16:00:00,3.77
4/13/2016 16:00:00,3.97
4/14/2016 16:00:00,4.03
4/15/2016 16:00:00,4.03
4/18/2016 16:00:00,4
4/19/2016 16:00:00,4.08
4/20/2016 16:00:00,4.26
4/21/2016 16:00:00,4.3
4/22/2016 16:00:00,4.3
4/26/2016 16:00:00,4.25
4/27/2016 16:00:00,4.29
4/28/2016 16:00:00,4.37
4/29/2016 16:00:00,4.48
5/2/2016 16:00:00,4.63
5/3/2016 16:00:00,4.74
5/4/2016 16:00:00,4.42
5/5/2016 16:00:00,4.71
5/6/2016 16:00:00,4.7
5/9/2016 16:00:00,4.82
5/10/2016 16:00:00,4.77
5/11/2016 16:00:00,4.98
5/12/2016 16:00:00,4.99
5/13/2016 16:00:00,4.98
5/16/2016 16:00:00,5.1
5/17/2016 16:00:00,5.11
5/18/2016 16:00:00,5.05
5/19/2016 16:00:00,4.82
5/20/2016 16:00:00,4.85
5/23/2016 16:00:00,4.8
5/24/2016 16:00:00,4.73
5/25/2016 16:00:00,4.83
5/26/2016 16:00:00,5.01
5/27/2016 16:00:00,5.26
5/30/2016 16:00:00,5.09
5/31/2016 16:00:00,5.18
6/1/2016 16:00:00,5.39
6/2/2016 16:00:00,5.42
6/3/2016 16:00:00,5.4
6/6/2016 16:00:00,5.68
6/7/2016 16:00:00,5.84
6/8/2016 16:00:00,5.75
6/9/2016 16:00:00,6.1
6/10/2016 16:00:00,6.17
6/14/2016 16:00:00,6.06
6/15/2016 16:00:00,6.06
6/20/2016 16:00:00,6.01
6/21/2016 16:00:00,6.15
6/22/2016 16:00:00,6.01
6/23/2016 16:00:00,5.95
6/24/2016 16:00:00,5.75
6/27/2016 16:00:00,5.84
6/28/2016 16:00:00,5.75
6/29/2016 16:00:00,5.77
6/30/2016 16:00:00,5.65
7/1/2016 16:00:00,5.65
7/4/2016 16:00:00,5.99
7/5/2016 16:00:00,5.76
7/6/2016 16:00:00,5.61
7/7/2016 16:00:00,5.55
7/8/2016 16:00:00,5.66
7/11/2016 16:00:00,5.63
7/12/2016 16:00:00,5.49
7/13/2016 16:00:00,5.44
7/14/2016 16:00:00,5.45
7/15/2016 16:00:00,5.34
7/18/2016 16:00:00,5.29
7/19/2016 16:00:00,4.71
7/20/2016 16:00:00,4.55
7/21/2016 16:00:00,4.52
7/22/2016 16:00:00,4.69
7/25/2016 16:00:00,4.53
7/26/2016 16:00:00,4.54
7/27/2016 16:00:00,4.44
7/28/2016 16:00:00,4.27
7/29/2016 16:00:00,4.32
8/1/2016 16:00:00,4.39
8/2/2016 16:00:00,4.24
8/3/2016 16:00:00,4.17
8/4/2016 16:00:00,4.18
8/5/2016 16:00:00,4.3
8/8/2016 16:00:00,4.18
8/9/2016 16:00:00,4.16
8/10/2016 16:00:00,4.2
8/11/2016 16:00:00,4.16
8/12/2016 16:00:00,4.3
8/15/2016 16:00:00,4.29
8/16/2016 16:00:00,4.46
8/17/2016 16:00:00,4.47
8/18/2016 16:00:00,4.41
8/19/2016 16:00:00,4.42
8/22/2016 16:00:00,4.22
8/23/2016 16:00:00,4.01
8/24/2016 16:00:00,3.9
8/25/2016 16:00:00,4.01
8/26/2016 16:00:00,4
8/29/2016 16:00:00,3.97
8/30/2016 16:00:00,4.11
8/31/2016 16:00:00,4.02
9/1/2016 16:00:00,3.85
9/2/2016 16:00:00,3.87
9/5/2016 16:00:00,3.95
9/6/2016 16:00:00,4.11
9/7/2016 16:00:00,4.01
9/8/2016 16:00:00,3.89
9/9/2016 16:00:00,3.84
9/12/2016 16:00:00,3.85
9/13/2016 16:00:00,3.98
9/14/2016 16:00:00,4
9/15/2016 16:00:00,4.05
9/16/2016 16:00:00,4
9/20/2016 16:00:00,3.99
9/21/2016 16:00:00,4
9/22/2016 16:00:00,4.16
9/23/2016 16:00:00,4.18
9/26/2016 16:00:00,4.19
9/27/2016 16:00:00,4.18
9/28/2016 16:00:00,4.16
9/29/2016 16:00:00,4.18
9/30/2016 16:00:00,4.15
10/3/2016 16:00:00,4
10/4/2016 16:00:00,4.11
10/5/2016 16:00:00,3.17
10/6/2016 16:00:00,3.46
10/7/2016 16:00:00,3.31
10/10/2016 16:00:00,3.5
10/11/2016 16:00:00,3.61
10/12/2016 16:00:00,3.55
10/13/2016 16:00:00,3.49
10/14/2016 16:00:00,3.47
10/17/2016 16:00:00,3.55
10/18/2016 16:00:00,3.47
10/19/2016 16:00:00,3.49
10/20/2016 16:00:00,3.67
10/21/2016 16:00:00,3.83
10/24/2016 16:00:00,3.72
10/25/2016 16:00:00,3.82
10/26/2016 16:00:00,3.72
10/27/2016 16:00:00,3.38
10/28/2016 16:00:00,3.45
10/31/2016 16:00:00,3.41
11/1/2016 16:00:00,3.29
11/2/2016 16:00:00,3.33
11/3/2016 16:00:00,3.25
11/4/2016 16:00:00,3.08
11/7/2016 16:00:00,2.97
11/8/2016 16:00:00,3.21
11/9/2016 16:00:00,2.97
11/10/2016 16:00:00,3.15
11/11/2016 16:00:00,3.2
11/14/2016 16:00:00,3.11
11/15/2016 16:00:00,3
11/16/2016 16:00:00,3.06
11/17/2016 16:00:00,2.88
11/18/2016 16:00:00,2.78
11/21/2016 16:00:00,2.74
11/22/2016 16:00:00,2.72
11/23/2016 16:00:00,2.8
11/24/2016 16:00:00,2.92
11/25/2016 16:00:00,2.93
11/28/2016 16:00:00,2.86
11/29/2016 16:00:00,2.65
11/30/2016 16:00:00,2.64
12/1/2016 16:00:00,2.61
12/2/2016 16:00:00,2.5
12/5/2016 16:00:00,2.58
12/6/2016 16:00:00,2.7
12/7/2016 16:00:00,2.58
12/8/2016 16:00:00,2.6
12/9/2016 16:00:00,2.53
12/12/2016 16:00:00,2.55
12/13/2016 16:00:00,2.5
12/14/2016 16:00:00,2.86
12/15/2016 16:00:00,2.78
12/16/2016 16:00:00,2.8
12/19/2016 16:00:00,2.98
12/20/2016 16:00:00,2.79
12/21/2016 16:00:00,2.78
12/22/2016 16:00:00,2.79
12/23/2016 16:00:00,2.76
12/28/2016 16:00:00,2.82
12/29/2016 16:00:00,2.83
12/30/2016 16:00:00,2.89
1/3/2017 16:00:00,3.09
1/4/2017 16:00:00,3.08
1/5/2017 16:00:00,3.15
1/6/2017 16:00:00,3.11
1/9/2017 16:00:00,3.31
1/10/2017 16:00:00,3.16
1/11/2017 16:00:00,3.24
1/12/2017 16:00:00,3.32
1/13/2017 16:00:00,3.23
1/16/2017 16:00:00,3.23
1/17/2017 16:00:00,3.26
1/18/2017 16:00:00,3.27
1/19/2017 16:00:00,3.29
1/20/2017 16:00:00,3.17
1/23/2017 16:00:00,3.17
1/24/2017 16:00:00,3.08
1/25/2017 16:00:00,3.13
1/27/2017 16:00:00,3.15
1/30/2017 16:00:00,3.11
1/31/2017 16:00:00,2.92
2/1/2017 16:00:00,2.87
2/2/2017 16:00:00,2.97
2/3/2017 16:00:00,3.05
2/6/2017 16:00:00,2.9
2/7/2017 16:00:00,2.84
2/8/2017 16:00:00,2.86
2/9/2017 16:00:00,2.93
2/10/2017 16:00:00,2.94
2/13/2017 16:00:00,3.07
2/14/2017 16:00:00,3.06
2/15/2017 16:00:00,3.12
2/16/2017 16:00:00,3.11
2/17/2017 16:00:00,3.03
2/20/2017 16:00:00,2.93
2/21/2017 16:00:00,2.93
2/22/2017 16:00:00,2.93
2/23/2017 16:00:00,2.9
2/24/2017 16:00:00,2.95
2/27/2017 16:00:00,2.94
2/28/2017 16:00:00,2.76
3/1/2017 16:00:00,2.65
3/2/2017 16:00:00,2.58
3/3/2017 16:00:00,2.44
3/6/2017 16:00:00,2.42
3/7/2017 16:00:00,2.41
3/8/2017 16:00:00,2.36
3/9/2017 16:00:00,2.38
3/10/2017 16:00:00,2.39
3/13/2017 16:00:00,2.36
3/14/2017 16:00:00,2.3
3/15/2017 16:00:00,2.22
3/16/2017 16:00:00,2.43
3/17/2017 16:00:00,2.4
3/20/2017 16:00:00,2.55
3/21/2017 16:00:00,2.58
3/22/2017 16:00:00,2.49
3/23/2017 16:00:00,2.46
3/24/2017 16:00:00,2.6
3/27/2017 16:00:00,2.61
3/28/2017 16:00:00,2.75
3/29/2017 16:00:00,2.89
3/30/2017 16:00:00,2.72
3/31/2017 16:00:00,2.68
4/3/2017 16:00:00,2.64
4/4/2017 16:00:00,2.54
4/5/2017 16:00:00,2.5
4/6/2017 16:00:00,2.51
4/7/2017 16:00:00,2.62
4/10/2017 16:00:00,2.58
4/11/2017 16:00:00,2.51
4/12/2017 16:00:00,2.55
4/13/2017 16:00:00,2.39
4/18/2017 16:00:00,2.29
4/19/2017 16:00:00,2.22
4/20/2017 16:00:00,2.21
4/21/2017 16:00:00,2.34
4/24/2017 16:00:00,2.28
4/26/2017 16:00:00,2.22
4/27/2017 16:00:00,2.19
4/28/2017 16:00:00,2.16
5/1/2017 16:00:00,2.18
5/2/2017 16:00:00,2.32
5/3/2017 16:00:00,2.33
5/4/2017 16:00:00,2.38
5/5/2017 16:00:00,2.34
5/8/2017 16:00:00,2.42
5/9/2017 16:00:00,2.49
5/10/2017 16:00:00,2.6
5/11/2017 16:00:00,2.76
5/12/2017 16:00:00,2.57
5/15/2017 16:00:00,2.44
5/16/2017 16:00:00,2.42
5/17/2017 16:00:00,2.35
5/18/2017 16:00:00,2.31
5/19/2017 16:00:00,2.46
5/22/2017 16:00:00,2.57
5/23/2017 16:00:00,2.58
5/24/2017 16:00:00,2.51
5/25/2017 16:00:00,2.56
5/26/2017 16:00:00,2.44
5/29/2017 16:00:00,2.45
5/30/2017 16:00:00,2.52
5/31/2017 16:00:00,2.59
6/1/2017 16:00:00,2.43
6/2/2017 16:00:00,2.46
6/5/2017 16:00:00,2.53
6/6/2017 16:00:00,2.34
6/7/2017 16:00:00,2.42
6/8/2017 16:00:00,2.37
6/9/2017 16:00:00,2.41
6/13/2017 16:00:00,2.51
6/14/2017 16:00:00,2.53
6/15/2017 16:00:00,2.53
6/16/2017 16:00:00,2.45
6/19/2017 16:00:00,2.44
6/20/2017 16:00:00,2.48
6/21/2017 16:00:00,2.49
6/22/2017 16:00:00,2.57
6/23/2017 16:00:00,2.55
6/26/2017 16:00:00,2.58
6/27/2017 16:00:00,2.67
6/28/2017 16:00:00,2.7
6/29/2017 16:00:00,2.68
6/30/2017 16:00:00,2.62
7/3/2017 16:00:00,2.58
7/4/2017 16:00:00,2.66
7/5/2017 16:00:00,2.87
7/6/2017 16:00:00,3.11
7/7/2017 16:00:00,3.08
7/10/2017 16:00:00,3.15
7/11/2017 16:00:00,3.12
7/12/2017 16:00:00,3.04
7/13/2017 16:00:00,3.02
7/14/2017 16:00:00,3.1
7/17/2017 16:00:00,3.04
7/18/2017 16:00:00,2.99
7/19/2017 16:00:00,2.94
7/20/2017 16:00:00,2.99
7/21/2017 16:00:00,2.97
7/24/2017 16:00:00,2.89
7/25/2017 16:00:00,2.93
7/26/2017 16:00:00,2.93
7/27/2017 16:00:00,2.93
7/28/2017 16:00:00,2.94
7/31/2017 16:00:00,2.73
8/1/2017 16:00:00,2.66
8/2/2017 16:00:00,2.56
8/3/2017 16:00:00,2.53
8/4/2017 16:00:00,2.59
8/7/2017 16:00:00,2.58
8/8/2017 16:00:00,2.56
8/9/2017 16:00:00,2.54
8/10/2017 16:00:00,2.51
8/11/2017 16:00:00,2.51
8/14/2017 16:00:00,2.53
8/15/2017 16:00:00,2.4
8/16/2017 16:00:00,2.43
8/17/2017 16:00:00,2.58
8/18/2017 16:00:00,2.51
8/21/2017 16:00:00,2.44
8/22/2017 16:00:00,2.41
8/23/2017 16:00:00,2.36
8/24/2017 16:00:00,2.41
8/25/2017 16:00:00,2.46
8/28/2017 16:00:00,2.47
8/29/2017 16:00:00,2.58
8/30/2017 16:00:00,2.81
8/31/2017 16:00:00,2.84
9/1/2017 16:00:00,2.76
9/4/2017 16:00:00,2.8
9/5/2017 16:00:00,2.84
9/6/2017 16:00:00,3
9/7/2017 16:00:00,3.12
9/8/2017 16:00:00,3.27
9/11/2017 16:00:00,3.34
9/12/2017 16:00:00,3.47
9/13/2017 16:00:00,3.57
9/14/2017 16:00:00,3.47
9/15/2017 16:00:00,3.47
9/18/2017 16:00:00,3.6
9/21/2017 16:00:00,3.36
9/22/2017 16:00:00,3.39
9/25/2017 16:00:00,3.31
9/26/2017 16:00:00,3.32
9/27/2017 16:00:00,3.35
9/28/2017 16:00:00,3.34
9/29/2017 16:00:00,3.29
10/2/2017 16:00:00,3.55
10/3/2017 16:00:00,3.46
10/4/2017 16:00:00,3.36
10/5/2017 16:00:00,3.37
10/6/2017 16:00:00,3.49
10/9/2017 16:00:00,3.54
10/10/2017 16:00:00,3.44
10/11/2017 16:00:00,3.6
10/12/2017 16:00:00,3.6
10/13/2017 16:00:00,3.53
10/16/2017 16:00:00,3.61
10/17/2017 16:00:00,3.68
10/18/2017 16:00:00,3.55
10/19/2017 16:00:00,3.52
10/20/2017 16:00:00,3.55
10/23/2017 16:00:00,3.51
10/24/2017 16:00:00,3.57
10/25/2017 16:00:00,3.57
10/26/2017 16:00:00,3.46
10/27/2017 16:00:00,3.45
10/30/2017 16:00:00,3.29
10/31/2017 16:00:00,3.22
11/1/2017 16:00:00,3.23
11/2/2017 16:00:00,3.22
11/3/2017 16:00:00,3.21
11/6/2017 16:00:00,3.4
11/7/2017 16:00:00,3.58
11/8/2017 16:00:00,3.51
11/9/2017 16:00:00,3.53
11/10/2017 16:00:00,3.51
11/13/2017 16:00:00,3.86
11/14/2017 16:00:00,4.03
11/15/2017 16:00:00,3.88
11/16/2017 16:00:00,3.83
11/17/2017 16:00:00,3.85
11/20/2017 16:00:00,3.85
11/21/2017 16:00:00,3.91
11/22/2017 16:00:00,4.23
11/23/2017 16:00:00,4.2
11/24/2017 16:00:00,4.2
11/27/2017 16:00:00,4.07
11/28/2017 16:00:00,3.91
11/29/2017 16:00:00,3.94
11/30/2017 16:00:00,3.94
12/1/2017 16:00:00,3.91
12/4/2017 16:00:00,4.21
12/5/2017 16:00:00,4.21
12/6/2017 16:00:00,3.99
12/7/2017 16:00:00,3.89
12/8/2017 16:00:00,3.88
12/11/2017 16:00:00,3.81
12/12/2017 16:00:00,3.66
12/13/2017 16:00:00,3.82
12/14/2017 16:00:00,4.01
12/15/2017 16:00:00,4
12/18/2017 16:00:00,4.1
12/19/2017 16:00:00,4.33
12/20/2017 16:00:00,4.36
12/21/2017 16:00:00,4.2
12/22/2017 16:00:00,4.2
12/27/2017 16:00:00,4.37
12/28/2017 16:00:00,4.25
12/29/2017 16:00:00,4.31
1/2/2018 16:00:00,4.5
1/3/2018 16:00:00,4.52
1/4/2018 16:00:00,4.49
1/5/2018 16:00:00,4.62
1/8/2018 16:00:00,4.49
1/9/2018 16:00:00,4.56
1/10/2018 16:00:00,4.33
1/11/2018 16:00:00,4.22
1/12/2018 16:00:00,4.24
1/15/2018 16:00:00,4.32
1/16/2018 16:00:00,4.41
1/17/2018 16:00:00,4.39
1/18/2018 16:00:00,4.25
1/19/2018 16:00:00,4.14
1/22/2018 16:00:00,4.13
1/23/2018 16:00:00,4.24
1/24/2018 16:00:00,4.16
1/25/2018 16:00:00,3.93
1/29/2018 16:00:00,3.91
1/30/2018 16:00:00,3.87
1/31/2018 16:00:00,3.78
2/1/2018 16:00:00,3.75
2/2/2018 16:00:00,3.58
2/5/2018 16:00:00,3.34
2/6/2018 16:00:00,3.17
2/7/2018 16:00:00,3.25
2/8/2018 16:00:00,3.22
2/9/2018 16:00:00,3.14
2/12/2018 16:00:00,3.01
2/13/2018 16:00:00,3.14
2/14/2018 16:00:00,3.06
2/15/2018 16:00:00,3.16
2/16/2018 16:00:00,3.27
2/19/2018 16:00:00,3.31
2/20/2018 16:00:00,3.31
2/21/2018 16:00:00,3.25
2/22/2018 16:00:00,3.33
2/23/2018 16:00:00,3.32
2/26/2018 16:00:00,3.39
2/27/2018 16:00:00,3.36
2/28/2018 16:00:00,3.27
3/1/2018 16:00:00,3.21
3/2/2018 16:00:00,3.04
3/5/2018 16:00:00,3.03
3/6/2018 16:00:00,3.16
3/7/2018 16:00:00,3.15
3/8/2018 16:00:00,3.23
3/9/2018 16:00:00,3.14
3/12/2018 16:00:00,3.21
3/13/2018 16:00:00,3.14
3/14/2018 16:00:00,3.32
3/15/2018 16:00:00,3.54
3/16/2018 16:00:00,3.68
3/19/2018 16:00:00,3.53
3/20/2018 16:00:00,3.53
3/21/2018 16:00:00,3.56
3/22/2018 16:00:00,3.56
3/23/2018 16:00:00,3.5
3/26/2018 16:00:00,3.37
3/27/2018 16:00:00,3.44
3/28/2018 16:00:00,3.14
3/29/2018 16:00:00,3.03
4/3/2018 16:00:00,3.04
4/4/2018 16:00:00,2.98
4/5/2018 16:00:00,2.94
4/6/2018 16:00:00,2.98
4/9/2018 16:00:00,2.94
4/10/2018 16:00:00,2.95
4/11/2018 16:00:00,2.9
4/12/2018 16:00:00,3
4/13/2018 16:00:00,3.06
4/16/2018 16:00:00,3.04
4/17/2018 16:00:00,3.06
4/18/2018 16:00:00,3.1
4/19/2018 16:00:00,3.14
4/20/2018 16:00:00,3.16
4/23/2018 16:00:00,3.12
4/24/2018 16:00:00,3.04
4/26/2018 16:00:00,3.05
4/27/2018 16:00:00,3.01
4/30/2018 16:00:00,3.07
5/1/2018 16:00:00,3.21
5/2/2018 16:00:00,3.13
5/3/2018 16:00:00,3.18
5/4/2018 16:00:00,3.15
5/7/2018 16:00:00,3
5/8/2018 16:00:00,3.01
5/9/2018 16:00:00,2.98
5/10/2018 16:00:00,2.98
5/11/2018 16:00:00,3.07
5/14/2018 16:00:00,3.07
5/15/2018 16:00:00,3.03
5/16/2018 16:00:00,3.14
5/17/2018 16:00:00,3.25
5/18/2018 16:00:00,3.23
5/21/2018 16:00:00,3.28
5/22/2018 16:00:00,3.28
5/23/2018 16:00:00,3.35
5/24/2018 16:00:00,3.21
5/25/2018 16:00:00,3.11
5/28/2018 16:00:00,3.04
5/29/2018 16:00:00,3.04
5/30/2018 16:00:00,3.03
5/31/2018 16:00:00,3.01
6/1/2018 16:00:00,2.95
6/4/2018 16:00:00,3.02
6/5/2018 16:00:00,3
6/6/2018 16:00:00,2.95
6/7/2018 16:00:00,2.94
6/8/2018 16:00:00,2.87
6/12/2018 16:00:00,2.7
6/13/2018 16:00:00,2.68
6/14/2018 16:00:00,2.61
6/15/2018 16:00:00,2.68
6/18/2018 16:00:00,2.69
6/19/2018 16:00:00,2.63
6/20/2018 16:00:00,2.65
6/21/2018 16:00:00,2.64
6/22/2018 16:00:00,2.64
6/25/2018 16:00:00,2.61
6/26/2018 16:00:00,2.6
6/27/2018 16:00:00,2.57
6/28/2018 16:00:00,2.67
6/29/2018 16:00:00,2.76
7/2/2018 16:00:00,2.71
7/3/2018 16:00:00,2.67
7/4/2018 16:00:00,2.65
7/5/2018 16:00:00,2.66
7/6/2018 16:00:00,2.74
7/9/2018 16:00:00,2.82
7/10/2018 16:00:00,2.86
7/11/2018 16:00:00,2.79
7/12/2018 16:00:00,2.78
7/13/2018 16:00:00,2.76
7/16/2018 16:00:00,2.77
7/17/2018 16:00:00,2.76
7/18/2018 16:00:00,2.79
7/19/2018 16:00:00,2.82
7/20/2018 16:00:00,2.81
7/23/2018 16:00:00,2.77
7/24/2018 16:00:00,2.86
7/25/2018 16:00:00,2.94
7/26/2018 16:00:00,2.94
7/27/2018 16:00:00,2.98
7/30/2018 16:00:00,2.8
7/31/2018 16:00:00,2.88
8/1/2018 16:00:00,2.82
8/2/2018 16:00:00,2.75
8/3/2018 16:00:00,2.71
8/6/2018 16:00:00,2.71
8/7/2018 16:00:00,2.71
8/8/2018 16:00:00,2.66
8/9/2018 16:00:00,2.56
8/10/2018 16:00:00,2.49
8/13/2018 16:00:00,2.46
8/14/2018 16:00:00,2.41
8/15/2018 16:00:00,2.37
8/16/2018 16:00:00,2.26
8/17/2018 16:00:00,2.28
8/20/2018 16:00:00,2.35
8/21/2018 16:00:00,2.49
8/22/2018 16:00:00,2.39
8/23/2018 16:00:00,2.46
8/24/2018 16:00:00,2.46
8/27/2018 16:00:00,2.5
8/28/2018 16:00:00,2.57
8/29/2018 16:00:00,2.58
8/30/2018 16:00:00,2.53
8/31/2018 16:00:00,2.43
9/3/2018 16:00:00,2.35
9/5/2018 16:00:00,2.25
9/6/2018 16:00:00,2.24
9/7/2018 16:00:00,2.23
9/10/2018 16:00:00,2.15
9/11/2018 16:00:00,2.15
9/12/2018 16:00:00,2.15
9/13/2018 16:00:00,2.26
9/14/2018 16:00:00,2.19
9/17/2018 16:00:00,2.15
9/18/2018 16:00:00,2.12
9/19/2018 16:00:00,2.13
9/20/2018 16:00:00,2.23
9/21/2018 16:00:00,2.24
9/24/2018 16:00:00,2.28
9/25/2018 16:00:00,2.25
9/26/2018 16:00:00,2.13
9/27/2018 16:00:00,2.16
9/28/2018 16:00:00,2.2
10/1/2018 16:00:00,2.23
10/4/2018 16:00:00,2.06
10/5/2018 16:00:00,2.06
10/8/2018 16:00:00,1.98
10/9/2018 16:00:00,1.97
10/10/2018 16:00:00,1.89
10/11/2018 16:00:00,1.83
10/12/2018 16:00:00,1.77
10/15/2018 16:00:00,1.71
10/16/2018 16:00:00,1.66
10/17/2018 16:00:00,1.63
10/18/2018 16:00:00,1.55
10/19/2018 16:00:00,1.53
10/22/2018 16:00:00,1.55
10/23/2018 16:00:00,1.51
10/24/2018 16:00:00,1.46
10/25/2018 16:00:00,1.35
10/26/2018 16:00:00,1.33
10/29/2018 16:00:00,1.45
10/30/2018 16:00:00,1.47
10/31/2018 16:00:00,1.53
11/1/2018 16:00:00,1.64
11/2/2018 16:00:00,1.66
11/5/2018 16:00:00,1.63
11/6/2018 16:00:00,1.7
11/7/2018 16:00:00,1.85
11/8/2018 16:00:00,1.94
11/9/2018 16:00:00,1.85
11/12/2018 16:00:00,1.86
11/13/2018 16:00:00,1.77
11/14/2018 16:00:00,1.71
11/15/2018 16:00:00,1.62
11/16/2018 16:00:00,1.65
11/19/2018 16:00:00,1.65
11/20/2018 16:00:00,1.6
11/21/2018 16:00:00,1.55
11/22/2018 16:00:00,1.62
11/23/2018 16:00:00,1.67
11/26/2018 16:00:00,1.62
11/27/2018 16:00:00,1.52
11/28/2018 16:00:00,1.5
11/29/2018 16:00:00,1.56
11/30/2018 16:00:00,1.56
12/3/2018 16:00:00,1.73
12/4/2018 16:00:00,1.59
12/5/2018 16:00:00,1.56
12/6/2018 16:00:00,1.52
12/7/2018 16:00:00,1.52
12/10/2018 16:00:00,1.52
12/11/2018 16:00:00,1.53
12/12/2018 16:00:00,1.6
12/13/2018 16:00:00,1.73
12/14/2018 16:00:00,1.65
12/17/2018 16:00:00,1.64
12/18/2018 16:00:00,1.62
12/19/2018 16:00:00,1.5
12/20/2018 16:00:00,1.41
12/21/2018 16:00:00,1.35
12/24/2018 14:10:00,1.33
12/27/2018 16:00:00,1.34
12/28/2018 16:00:00,1.38
12/31/2018 14:10:00,1.44
1/2/2019 16:00:00,1.47
1/3/2019 16:00:00,1.51
1/4/2019 16:00:00,1.47
1/7/2019 16:00:00,1.61
1/8/2019 16:00:00,1.7
1/9/2019 16:00:00,1.65
1/10/2019 16:00:00,1.67
1/11/2019 16:00:00,1.64
1/14/2019 16:00:00,1.71
1/15/2019 16:00:00,1.89
1/16/2019 16:00:00,1.94
1/17/2019 16:00:00,1.83
1/18/2019 16:00:00,1.88
1/21/2019 16:00:00,1.84
1/22/2019 16:00:00,1.95
1/23/2019 16:00:00,1.86
1/24/2019 16:00:00,1.87
1/25/2019 16:00:00,1.9
1/29/2019 16:00:00,1.92
1/30/2019 16:00:00,1.66
1/31/2019 16:00:00,1.5
2/1/2019 16:00:00,1.38
2/4/2019 16:00:00,1.43
2/5/2019 16:00:00,1.39
2/6/2019 16:00:00,1.38
2/7/2019 16:00:00,1.41
2/8/2019 16:00:00,1.37
2/11/2019 16:00:00,1.35
2/12/2019 16:00:00,1.31
2/13/2019 16:00:00,1.31
2/14/2019 16:00:00,1.28
2/15/2019 16:00:00,1.28
2/18/2019 16:00:00,1.27
2/19/2019 16:00:00,1.22
2/20/2019 16:00:00,1.19
2/21/2019 16:00:00,1.27
2/22/2019 16:00:00,1.34
2/25/2019 16:00:00,1.34
2/26/2019 16:00:00,1.38
2/27/2019 16:00:00,1.35
2/28/2019 16:00:00,1.31
3/1/2019 16:00:00,1.28
3/4/2019 16:00:00,1.29
3/5/2019 16:00:00,1.21
3/6/2019 16:00:00,1.23
3/7/2019 16:00:00,1.18
3/8/2019 16:00:00,1.11
3/11/2019 16:00:00,1.09
3/12/2019 16:00:00,1.05
3/13/2019 16:00:00,0.99
3/14/2019 16:00:00,1.09
3/15/2019 16:00:00,1.03
3/18/2019 16:00:00,1.01
3/19/2019 16:00:00,1
3/20/2019 16:00:00,0.97
3/21/2019 16:00:00,0.94
3/22/2019 16:00:00,1
3/25/2019 16:00:00,0.99
3/26/2019 16:00:00,1.03
3/27/2019 16:00:00,1.02
3/28/2019 16:00:00,1.02
3/29/2019 16:00:00,1.02
4/1/2019 16:00:00,0.97
4/2/2019 16:00:00,1.05
4/3/2019 16:00:00,1.14
4/4/2019 16:00:00,1.29
4/5/2019 16:00:00,1.3
4/8/2019 16:00:00,1.25
4/9/2019 16:00:00,1.21
4/10/2019 16:00:00,1.18
4/11/2019 16:00:00,1.15
4/12/2019 16:00:00,1.09
4/15/2019 16:00:00,1.08
4/16/2019 16:00:00,1.09
4/17/2019 16:00:00,1.16
4/18/2019 16:00:00,1.18
4/23/2019 16:00:00,1.15
4/24/2019 16:00:00,1.15
4/26/2019 16:00:00,1.14
4/29/2019 16:00:00,1.08
4/30/2019 16:00:00,1.06
5/1/2019 16:00:00,1.03
5/2/2019 16:00:00,1.08
5/3/2019 16:00:00,1.08
5/6/2019 16:00:00,1.05
5/7/2019 16:00:00,1.03
5/8/2019 16:00:00,1.09
5/9/2019 16:00:00,1.08
5/10/2019 16:00:00,1.08
5/13/2019 16:00:00,1.07
5/14/2019 16:00:00,1.03
5/15/2019 16:00:00,1.13
5/16/2019 16:00:00,1.1
5/17/2019 16:00:00,1.19
5/20/2019 16:00:00,1.22
5/21/2019 16:00:00,1.17
5/22/2019 16:00:00,1.13
5/23/2019 16:00:00,1.11
5/24/2019 16:00:00,1.11
5/27/2019 16:00:00,1.1
5/28/2019 16:00:00,1.08
5/29/2019 16:00:00,1.07
5/30/2019 16:00:00,1.21
5/31/2019 16:00:00,1.27
6/3/2019 16:00:00,1.23
6/4/2019 16:00:00,1.11
6/5/2019 16:00:00,1.08
6/6/2019 16:00:00,1.05
6/7/2019 16:00:00,1.01
6/11/2019 16:00:00,1.01
6/12/2019 16:00:00,1.04
6/13/2019 16:00:00,1.03
6/14/2019 16:00:00,0.99
6/17/2019 16:00:00,0.96
6/18/2019 16:00:00,0.94
6/21/2019 16:00:00,0.86
6/24/2019 16:00:00,0.82
6/25/2019 16:00:00,0.84
6/26/2019 16:00:00,0.82
6/27/2019 16:00:00,0.82
6/28/2019 16:00:00,0.87
7/1/2019 16:00:00,0.84
7/2/2019 16:00:00,0.82
7/3/2019 16:00:00,0.82
7/4/2019 16:00:00,0.85
7/5/2019 16:00:00,0.85
7/8/2019 16:00:00,0.85
7/9/2019 16:00:00,0.93
7/10/2019 16:00:00,1.01
7/11/2019 16:00:00,0.96
7/12/2019 16:00:00,0.94
7/15/2019 16:00:00,0.99
7/16/2019 16:00:00,1.01
7/17/2019 16:00:00,1.04
7/18/2019 16:00:00,0.99
7/19/2019 16:00:00,1
7/22/2019 16:00:00,0.99
7/23/2019 16:00:00,1.02
7/24/2019 16:00:00,1
7/25/2019 16:00:00,0.96
7/26/2019 16:00:00,0.93
7/29/2019 16:00:00,0.91
7/30/2019 16:00:00,0.89
7/31/2019 16:00:00,0.85
8/1/2019 16:00:00,0.84
8/2/2019 16:00:00,0.83
8/5/2019 16:00:00,0.8
8/6/2019 16:00:00,0.76
8/7/2019 16:00:00,0.78
8/8/2019 16:00:00,0.81
8/9/2019 16:00:00,0.82
8/12/2019 16:00:00,0.77
8/13/2019 16:00:00,0.76
8/14/2019 16:00:00,0.76
8/15/2019 16:00:00,0.72
8/16/2019 16:00:00,0.69
8/19/2019 16:00:00,0.69
8/20/2019 16:00:00,0.69
8/21/2019 16:00:00,0.68
8/22/2019 16:00:00,0.68
8/23/2019 16:00:00,0.69
8/26/2019 16:00:00,0.62
8/27/2019 16:00:00,0.63
8/28/2019 16:00:00,0.67
8/29/2019 16:00:00,0.66
8/30/2019 16:00:00,0.66
9/2/2019 16:00:00,0.68
9/3/2019 16:00:00,0.68
9/4/2019 16:00:00,0.69
9/5/2019 16:00:00,0.69
9/10/2019 16:00:00,0.46
9/11/2019 16:00:00,0.53
9/12/2019 16:00:00,0.54
9/13/2019 16:00:00,0.51
9/16/2019 16:00:00,0.53
9/17/2019 16:00:00,0.51
9/18/2019 16:00:00,0.5
9/19/2019 16:00:00,0.53
9/20/2019 16:00:00,0.5
9/23/2019 16:00:00,0.49
9/24/2019 16:00:00,0.51
9/25/2019 16:00:00,0.49
9/26/2019 16:00:00,0.51
9/27/2019 16:00:00,0.5
9/30/2019 16:00:00,0.5
10/1/2019 16:00:00,0.49
10/2/2019 16:00:00,0.48
10/3/2019 16:00:00,0.48
10/4/2019 16:00:00,0.48
10/7/2019 16:00:00,0.47
10/8/2019 16:00:00,0.47
10/9/2019 16:00:00,0.46
10/10/2019 16:00:00,0.46
10/11/2019 16:00:00,0.46
10/14/2019 16:00:00,0.45
10/15/2019 16:00:00,0.45
10/16/2019 16:00:00,0.44
10/17/2019 16:00:00,0.43
10/18/2019 16:00:00,0.43
10/21/2019 16:00:00,0.37
10/22/2019 16:00:00,0.39
10/23/2019 16:00:00,0.39
10/24/2019 16:00:00,0.39
10/25/2019 16:00:00,0.39
10/28/2019 16:00:00,0.38
10/29/2019 16:00:00,0.39
10/30/2019 16:00:00,0.38
10/31/2019 16:00:00,0.39
11/1/2019 16:00:00,0.4
11/4/2019 16:00:00,0.44
11/5/2019 16:00:00,0.45
11/6/2019 16:00:00,0.44
11/7/2019 16:00:00,0.43
11/8/2019 16:00:00,0.45
11/11/2019 16:00:00,0.48
11/12/2019 16:00:00,0.45
11/13/2019 16:00:00,0.43
11/14/2019 16:00:00,0.47
11/15/2019 16:00:00,0.45
11/18/2019 16:00:00,0.44
11/19/2019 16:00:00,0.42
11/20/2019 16:00:00,0.41
11/21/2019 16:00:00,0.39
11/22/2019 16:00:00,0.4
11/25/2019 16:00:00,0.39
11/26/2019 16:00:00,0.37
11/27/2019 16:00:00,0.36
11/28/2019 16:00:00,0.35
11/29/2019 16:00:00,0.34
12/2/2019 16:00:00,0.35
12/3/2019 16:00:00,0.36
12/4/2019 16:00:00,0.4
12/5/2019 16:00:00,0.43
12/6/2019 16:00:00,0.42
12/9/2019 16:00:00,0.42
12/10/2019 16:00:00,0.41
12/11/2019 16:00:00,0.46
12/12/2019 16:00:00,0.43
12/13/2019 16:00:00,0.46
12/16/2019 16:00:00,0.44
12/17/2019 16:00:00,0.42
12/18/2019 16:00:00,0.43
12/19/2019 16:00:00,0.41
12/20/2019 16:00:00,0.42
12/23/2019 16:00:00,0.41
12/24/2019 14:10:00,0.41
12/27/2019 16:00:00,0.43
12/30/2019 16:00:00,0.46
12/31/2019 14:10:00,0.46
1/2/2020 16:00:00,0.49
1/3/2020 16:00:00,0.52
1/6/2020 16:00:00,0.51
1/7/2020 16:00:00,0.54
1/8/2020 16:00:00,0.51
1/9/2020 16:00:00,0.55
1/10/2020 16:00:00,0.54
1/13/2020 16:00:00,0.61
1/14/2020 16:00:00,0.7
1/15/2020 16:00:00,0.65
1/16/2020 16:00:00,0.61
1/17/2020 16:00:00,0.62
1/20/2020 16:00:00,0.63
1/21/2020 16:00:00,0.57
1/22/2020 16:00:00,0.62
1/23/2020 16:00:00,0.57
1/24/2020 16:00:00,0.59
1/28/2020 16:00:00,0.51
1/29/2020 16:00:00,0.5
1/30/2020 16:00:00,0.48
1/31/2020 16:00:00,0.5
2/3/2020 16:00:00,0.49
2/4/2020 16:00:00,0.47
2/5/2020 16:00:00,0.54
2/6/2020 16:00:00,0.54
2/7/2020 16:00:00,0.53
2/10/2020 16:00:00,0.53
2/11/2020 16:00:00,0.53
2/12/2020 16:00:00,0.56
2/13/2020 16:00:00,0.53
2/14/2020 16:00:00,0.52
2/17/2020 16:00:00,0.51
2/18/2020 16:00:00,0.5
2/19/2020 16:00:00,0.48
2/20/2020 16:00:00,0.49
2/21/2020 16:00:00,0.51
2/24/2020 16:00:00,0.49
2/25/2020 16:00:00,0.47
2/26/2020 16:00:00,0.42
2/27/2020 16:00:00,0.39
2/28/2020 16:00:00,0.37
3/2/2020 16:00:00,0.4
3/3/2020 16:00:00,0.4
3/4/2020 16:00:00,0.38
3/5/2020 16:00:00,0.37
3/6/2020 16:00:00,0.36
3/9/2020 16:00:00,0.32
3/10/2020 16:00:00,0.35
3/11/2020 16:00:00,0.34
3/12/2020 16:00:00,0.3
3/13/2020 16:00:00,0.32
3/16/2020 16:00:00,0.26
3/17/2020 16:00:00,0.26
3/18/2020 16:00:00,0.19
3/19/2020 16:00:00,0.15
3/20/2020 16:00:00,0.23
3/23/2020 16:00:00,0.22
3/24/2020 16:00:00,0.23
3/25/2020 16:00:00,0.24
3/26/2020 16:00:00,0.25
3/27/2020 16:00:00,0.25
3/30/2020 16:00:00,0.23
3/31/2020 16:00:00,0.26
4/1/2020 16:00:00,0.26
4/2/2020 16:00:00,0.26
4/3/2020 16:00:00,0.21
4/6/2020 16:00:00,0.22
4/7/2020 16:00:00,0.22
4/8/2020 16:00:00,0.22
4/9/2020 16:00:00,0.23
4/14/2020 16:00:00,0.25
4/15/2020 16:00:00,0.24
4/16/2020 16:00:00,0.23
4/17/2020 16:00:00,0.23
4/20/2020 16:00:00,0.23
4/21/2020 16:00:00,0.21
4/22/2020 16:00:00,0.2
4/23/2020 16:00:00,0.21
4/24/2020 16:00:00,0.21
4/27/2020 16:00:00,0.23
4/28/2020 16:00:00,0.22
4/29/2020 16:00:00,0.23
4/30/2020 16:00:00,0.23
5/1/2020 16:00:00,0.23
5/4/2020 16:00:00,0.22
5/5/2020 16:00:00,0.23
5/6/2020 16:00:00,0.23
5/7/2020 16:00:00,0.24
5/8/2020 16:00:00,0.26
5/11/2020 16:00:00,0.3
5/12/2020 16:00:00,0.28
5/13/2020 16:00:00,0.28
5/14/2020 16:00:00,0.27
5/15/2020 16:00:00,0.27
5/18/2020 16:00:00,0.26
5/19/2020 16:00:00,0.26
5/20/2020 16:00:00,0.31
5/21/2020 16:00:00,0.29
5/22/2020 16:00:00,0.28
5/25/2020 16:00:00,0.28
5/26/2020 16:00:00,0.29
5/27/2020 16:00:00,0.32
5/28/2020 16:00:00,0.31
5/29/2020 16:00:00,0.29
6/1/2020 16:00:00,0.29
6/2/2020 16:00:00,0.29
6/3/2020 16:00:00,0.31
6/4/2020 16:00:00,0.32
6/5/2020 16:00:00,0.4
6/9/2020 16:00:00,0.4
6/10/2020 16:00:00,0.39
6/11/2020 16:00:00,0.35
6/12/2020 16:00:00,0.32
6/15/2020 16:00:00,0.29
6/16/2020 16:00:00,0.3
6/17/2020 16:00:00,0.29
6/18/2020 16:00:00,0.3
6/19/2020 16:00:00,0.31
6/22/2020 16:00:00,0.32
6/23/2020 16:00:00,0.32
6/24/2020 16:00:00,0.31
6/25/2020 16:00:00,0.29
6/26/2020 16:00:00,0.29
6/29/2020 16:00:00,0.27
6/30/2020 16:00:00,0.27
7/1/2020 16:00:00,0.3
7/2/2020 16:00:00,0.29
7/3/2020 16:00:00,0.3
7/6/2020 16:00:00,0.33
7/7/2020 16:00:00,0.31
7/8/2020 16:00:00,0.31
7/9/2020 16:00:00,0.32
7/10/2020 16:00:00,0.31
7/13/2020 16:00:00,0.31
7/14/2020 16:00:00,0.3
7/15/2020 16:00:00,0.33
7/16/2020 16:00:00,0.33
7/17/2020 16:00:00,0.32
7/20/2020 16:00:00,0.33
7/21/2020 16:00:00,0.36
7/22/2020 16:00:00,0.33
7/23/2020 16:00:00,0.34
7/24/2020 16:00:00,0.33
7/27/2020 16:00:00,0.34
7/28/2020 16:00:00,0.34
7/29/2020 16:00:00,0.34
7/30/2020 16:00:00,0.33
7/31/2020 16:00:00,0.33
8/3/2020 16:00:00,0.34
8/4/2020 16:00:00,0.36
8/5/2020 16:00:00,0.38
8/6/2020 16:00:00,0.4
8/7/2020 16:00:00,0.39
8/10/2020 16:00:00,0.38
8/11/2020 16:00:00,0.39
8/12/2020 16:00:00,0.39
8/13/2020 16:00:00,0.42
8/14/2020 16:00:00,0.41
8/17/2020 16:00:00,0.41
8/18/2020 16:00:00,0.42
8/19/2020 16:00:00,0.4
8/20/2020 16:00:00,0.39
8/21/2020 16:00:00,0.4
8/24/2020 16:00:00,0.39
8/25/2020 16:00:00,0.39
8/26/2020 16:00:00,0.36
8/27/2020 16:00:00,0.36
8/28/2020 16:00:00,0.36
8/31/2020 16:00:00,0.37
9/1/2020 16:00:00,0.38
9/2/2020 16:00:00,0.4
9/3/2020 16:00:00,0.39
9/4/2020 16:00:00,0.38
9/7/2020 16:00:00,0.38
9/8/2020 16:00:00,0.4
9/9/2020 16:00:00,0.4
9/10/2020 16:00:00,0.41
9/11/2020 16:00:00,0.41
9/14/2020 16:00:00,0.44
9/15/2020 16:00:00,0.47
9/16/2020 16:00:00,0.46
9/17/2020 16:00:00,0.46
9/18/2020 16:00:00,0.47
9/21/2020 16:00:00,0.49
9/22/2020 16:00:00,0.47
9/23/2020 16:00:00,0.44
9/24/2020 16:00:00,0.41
9/25/2020 16:00:00,0.45
9/28/2020 16:00:00,0.45
9/29/2020 16:00:00,0.46
9/30/2020 16:00:00,0.45
10/1/2020 16:00:00,0.45
10/2/2020 16:00:00,0.42
10/5/2020 16:00:00,0.44
10/6/2020 16:00:00,0.45
10/7/2020 16:00:00,0.46
10/8/2020 16:00:00,0.48
10/9/2020 16:00:00,0.5
10/12/2020 16:00:00,0.5
10/13/2020 16:00:00,0.48
10/14/2020 16:00:00,0.48
10/15/2020 16:00:00,0.49
10/16/2020 16:00:00,0.49
10/19/2020 16:00:00,0.5
10/20/2020 16:00:00,0.48
10/21/2020 16:00:00,0.48
10/22/2020 16:00:00,0.47
10/23/2020 16:00:00,0.48
10/26/2020 16:00:00,0.48
10/27/2020 16:00:00,0.45
10/28/2020 16:00:00,0.46
10/29/2020 16:00:00,0.44
10/30/2020 16:00:00,0.45
11/2/2020 16:00:00,0.43
11/3/2020 16:00:00,0.45
11/4/2020 16:00:00,0.46
11/5/2020 16:00:00,0.46
11/6/2020 16:00:00,0.45
11/9/2020 16:00:00,0.48
11/10/2020 16:00:00,0.49
11/11/2020 16:00:00,0.52
11/12/2020 16:00:00,0.52
11/13/2020 16:00:00,0.56
11/16/2020 16:00:00,0.56
11/17/2020 16:00:00,0.6
11/18/2020 16:00:00,0.57
11/19/2020 16:00:00,0.64
11/20/2020 16:00:00,0.67
11/23/2020 16:00:00,0.75
11/24/2020 16:00:00,0.73
11/25/2020 16:00:00,0.72
11/26/2020 16:00:00,0.78
11/27/2020 16:00:00,0.87
11/30/2020 16:00:00,0.88
12/1/2020 16:00:00,0.93
12/2/2020 16:00:00,1.03
12/3/2020 16:00:00,1.02
12/4/2020 16:00:00,1
12/7/2020 16:00:00,0.99
12/8/2020 16:00:00,1
12/11/2020 16:00:00,0.89
12/14/2020 16:00:00,0.86
12/15/2020 16:00:00,0.85
12/16/2020 16:00:00,0.87
12/17/2020 16:00:00,0.88
12/18/2020 16:00:00,0.89
12/21/2020 16:00:00,0.9
12/22/2020 16:00:00,0.88
12/23/2020 16:00:00,0.87
12/24/2020 16:00:00,0.9
12/29/2020 16:00:00,0.99
12/30/2020 16:00:00,0.96
12/31/2020 16:00:00,0.95
1/4/2021 16:00:00,0.96
1/5/2021 16:00:00,1
1/6/2021 16:00:00,1.16
1/7/2021 16:00:00,1.19
1/8/2021 16:00:00,1.13
1/11/2021 16:00:00,1.11
1/12/2021 16:00:00,1.06
1/13/2021 16:00:00,1.1
1/14/2021 16:00:00,1.07
1/15/2021 16:00:00,1.14
1/18/2021 16:00:00,1.07
1/19/2021 16:00:00,1.11
1/20/2021 16:00:00,1.18
1/21/2021 16:00:00,1.28
1/22/2021 16:00:00,1.29
1/25/2021 16:00:00,1.2
1/27/2021 16:00:00,1.2
1/28/2021 16:00:00,1.12
1/29/2021 16:00:00,0.99
2/1/2021 16:00:00,1.15
2/2/2021 16:00:00,1.21
2/3/2021 16:00:00,1.19
2/4/2021 16:00:00,1.14
2/5/2021 16:00:00,1.1
2/8/2021 16:00:00,1.14
2/9/2021 16:00:00,1.15
2/10/2021 16:00:00,1.14
2/11/2021 16:00:00,1.12
2/12/2021 16:00:00,1.12
2/15/2021 16:00:00,1.18
2/16/2021 16:00:00,1.26
2/17/2021 16:00:00,1.29
2/18/2021 16:00:00,1.23
2/19/2021 16:00:00,1.13
2/22/2021 16:00:00,1.26
2/23/2021 16:00:00,1.22
2/24/2021 16:00:00,1.18
2/25/2021 16:00:00,1.18
2/26/2021 16:00:00,1.21
3/1/2021 16:00:00,1.16
3/2/2021 16:00:00,1.12
3/3/2021 16:00:00,1.16
3/4/2021 16:00:00,1.12
3/5/2021 16:00:00,1.07
3/8/2021 16:00:00,1.06
3/9/2021 16:00:00,1.13
3/10/2021 16:00:00,1.08
3/11/2021 16:00:00,1.08
3/12/2021 16:00:00,1.16
3/15/2021 16:00:00,1.14
3/16/2021 16:00:00,1.18
3/17/2021 16:00:00,1.17
3/18/2021 16:00:00,1.16
3/19/2021 16:00:00,1.14
3/22/2021 16:00:00,1.11
3/23/2021 16:00:00,1.07
3/24/2021 16:00:00,1.04
3/25/2021 16:00:00,1.02
3/26/2021 16:00:00,1.06
3/29/2021 16:00:00,1.06
3/30/2021 16:00:00,1.02
3/31/2021 16:00:00,1.03
4/1/2021 16:00:00,1.07
4/6/2021 16:00:00,1.08
4/7/2021 16:00:00,1.08
4/8/2021 16:00:00,1.07
4/9/2021 16:00:00,1.06
4/12/2021 16:00:00,1.04
4/13/2021 16:00:00,1.04
4/14/2021 16:00:00,1.05
4/15/2021 16:00:00,1.06
4/16/2021 16:00:00,1.07
4/19/2021 16:00:00,1.05
4/20/2021 16:00:00,1.04
4/21/2021 16:00:00,1.14
4/22/2021 16:00:00,1.08
4/23/2021 16:00:00,1.13
4/26/2021 16:00:00,1.13
4/27/2021 16:00:00,1.17
4/28/2021 16:00:00,1.18
4/29/2021 16:00:00,1.23
4/30/2021 16:00:00,1.16
5/3/2021 16:00:00,1.12
5/4/2021 16:00:00,1.15
5/5/2021 16:00:00,1.14
5/6/2021 16:00:00,1.1
5/7/2021 16:00:00,1.09
5/10/2021 16:00:00,1.11
5/11/2021 16:00:00,1.04
5/12/2021 16:00:00,1.03
5/13/2021 16:00:00,0.99
5/14/2021 16:00:00,0.96
5/17/2021 16:00:00,0.98
5/18/2021 16:00:00,0.99
5/19/2021 16:00:00,0.95
5/20/2021 16:00:00,0.91
5/21/2021 16:00:00,1.02
5/24/2021 16:00:00,0.98
5/25/2021 16:00:00,0.98
5/26/2021 16:00:00,0.99
5/27/2021 16:00:00,1
5/28/2021 16:00:00,1.02
5/31/2021 16:00:00,1
6/1/2021 16:00:00,1
6/2/2021 16:00:00,1.08
6/3/2021 16:00:00,1.06
6/4/2021 16:00:00,1.06
6/7/2021 16:00:00,1.02
6/8/2021 16:00:00,1.02
6/9/2021 16:00:00,1.03
6/10/2021 16:00:00,1.04
6/11/2021 16:00:00,1.07
6/15/2021 16:00:00,1.06
6/16/2021 16:00:00,1.01
6/17/2021 16:00:00,0.99
6/18/2021 16:00:00,0.99
6/21/2021 16:00:00,0.96
6/22/2021 16:00:00,0.99
6/23/2021 16:00:00,0.98
6/24/2021 16:00:00,1.04
6/25/2021 16:00:00,1.01
6/28/2021 16:00:00,1
6/29/2021 16:00:00,1
6/30/2021 16:00:00,1.02
7/1/2021 16:00:00,1.05
7/2/2021 16:00:00,1.07
7/5/2021 16:00:00,1.04
7/6/2021 16:00:00,1
7/7/2021 16:00:00,1.01
7/8/2021 16:00:00,1.04
7/9/2021 16:00:00,1.01
7/12/2021 16:00:00,1.03
7/13/2021 16:00:00,1.11
7/14/2021 16:00:00,1.14
7/15/2021 16:00:00,1.16
7/16/2021 16:00:00,1.17
7/19/2021 16:00:00,1.1
7/20/2021 16:00:00,1.08
7/21/2021 16:00:00,1.12
7/22/2021 16:00:00,1.24
7/23/2021 16:00:00,1.28
7/26/2021 16:00:00,1.33
7/27/2021 16:00:00,1.38
7/28/2021 16:00:00,1.39
7/29/2021 16:00:00,1.46
7/30/2021 16:00:00,1.38
8/2/2021 16:00:00,1.41
8/3/2021 16:00:00,1.46
8/4/2021 16:00:00,1.5
8/5/2021 16:00:00,1.44
8/6/2021 16:00:00,1.51
8/9/2021 16:00:00,1.46
8/10/2021 16:00:00,1.54
8/11/2021 16:00:00,1.51
8/12/2021 16:00:00,1.5
8/13/2021 16:00:00,1.46
8/16/2021 16:00:00,1.39
8/17/2021 16:00:00,1.31
8/18/2021 16:00:00,1.24
8/19/2021 16:00:00,1.22
8/20/2021 16:00:00,1.17
8/23/2021 16:00:00,1.22
8/24/2021 16:00:00,1.25
8/25/2021 16:00:00,1.3
8/26/2021 16:00:00,1.28
8/27/2021 16:00:00,1.21
8/30/2021 16:00:00,1.28
8/31/2021 16:00:00,1.28
9/1/2021 16:00:00,1.3
9/2/2021 16:00:00,1.31
9/3/2021 16:00:00,1.35
9/6/2021 16:00:00,1.35
9/7/2021 16:00:00,1.36
9/8/2021 16:00:00,1.29
9/9/2021 16:00:00,1.25
9/10/2021 16:00:00,1.32
9/13/2021 16:00:00,1.32
9/14/2021 16:00:00,1.34
9/15/2021 16:00:00,1.32
9/16/2021 16:00:00,1.25
9/17/2021 16:00:00,1.19
9/20/2021 16:00:00,1.14
9/21/2021 16:00:00,1.11
9/22/2021 16:00:00,1.13
9/23/2021 16:00:00,1.16
9/24/2021 16:00:00,1.15
9/27/2021 16:00:00,1.13
9/28/2021 16:00:00,1.11
9/29/2021 16:00:00,1.04
9/30/2021 16:00:00,1.05
10/1/2021 16:00:00,1.02
10/4/2021 16:00:00,1.02
10/5/2021 16:00:00,1.02
10/6/2021 16:00:00,0.99
10/7/2021 16:00:00,1.01
10/8/2021 16:00:00,1.02
10/11/2021 16:00:00,1.07
10/12/2021 16:00:00,1.03
10/13/2021 16:00:00,1.06
10/14/2021 16:00:00,1.09
10/15/2021 16:00:00,1.1
10/18/2021 16:00:00,1.14
10/19/2021 16:00:00,1.14
10/20/2021 16:00:00,1.11
10/21/2021 16:00:00,1.12
10/22/2021 16:00:00,1.1
10/25/2021 16:00:00,1.08
10/26/2021 16:00:00,1.16
10/27/2021 16:00:00,1.18
10/28/2021 16:00:00,1.13
10/29/2021 16:00:00,1.24
11/1/2021 16:00:00,1.22
11/2/2021 16:00:00,1.21
11/3/2021 16:00:00,1.28
11/4/2021 16:00:00,1.24
11/5/2021 16:00:00,1.24
11/8/2021 16:00:00,1.26
11/9/2021 16:00:00,1.29
11/10/2021 16:00:00,1.24
11/11/2021 16:00:00,1.29
11/12/2021 16:00:00,1.3
11/15/2021 16:00:00,1.28
11/16/2021 16:00:00,1.25
11/17/2021 16:00:00,1.23
11/18/2021 16:00:00,1.25
11/19/2021 16:00:00,1.16
11/22/2021 16:00:00,1.19
11/23/2021 16:00:00,1.17
11/24/2021 16:00:00,1.21
11/25/2021 16:00:00,1.2
11/26/2021 16:00:00,1.19
11/29/2021 16:00:00,1.15
11/30/2021 16:00:00,1.17
12/1/2021 16:00:00,1.17
12/2/2021 16:00:00,1.14
12/3/2021 16:00:00,1.11
12/6/2021 16:00:00,1.08
12/7/2021 16:00:00,1.09
12/8/2021 16:00:00,1.13
12/9/2021 16:00:00,1.16
12/10/2021 16:00:00,1.23
12/13/2021 16:00:00,1.25
12/14/2021 16:00:00,1.21
12/15/2021 16:00:00,1.17
12/16/2021 16:00:00,1.27
12/17/2021 16:00:00,1.27
12/20/2021 16:00:00,1.27
12/21/2021 16:00:00,1.31
12/22/2021 16:00:00,1.31
12/23/2021 16:00:00,1.61
12/29/2021 16:00:00,1.66
12/30/2021 16:00:00,1.77
12/31/2021 14:10:00,1.78
1/4/2022 16:00:00,1.93
1/5/2022 16:00:00,1.79
1/6/2022 16:00:00,1.74
1/7/2022 16:00:00,1.78
1/10/2022 16:00:00,1.83
1/11/2022 16:00:00,2
1/12/2022 16:00:00,2.01
1/13/2022 16:00:00,2.07
1/14/2022 16:00:00,2.01
1/17/2022 16:00:00,1.94
1/18/2022 16:00:00,2.05
1/19/2022 16:00:00,2.04
1/20/2022 16:00:00,2.07
1/21/2022 16:00:00,1.85
1/24/2022 16:00:00,1.8
1/25/2022 16:00:00,1.64
1/27/2022 16:00:00,1.61
1/28/2022 16:00:00,1.69
1/31/2022 16:00:00,1.63
2/1/2022 16:00:00,1.66
2/2/2022 16:00:00,1.71
2/3/2022 16:00:00,1.58
2/4/2022 16:00:00,1.63
2/9/2022 16:00:00,1.47
2/10/2022 16:00:00,1.47
2/11/2022 16:00:00,1.44
2/14/2022 16:00:00,1.39
2/15/2022 16:00:00,1.38
2/16/2022 16:00:00,1.47
2/17/2022 16:00:00,1.43
2/18/2022 16:00:00,1.43
2/21/2022 16:00:00,1.41
2/22/2022 16:00:00,1.35
2/23/2022 16:00:00,1.41
2/24/2022 16:00:00,1.31
2/25/2022 16:00:00,1.38
2/28/2022 16:00:00,1.41
3/1/2022 16:00:00,1.46
3/2/2022 16:00:00,1.39
3/3/2022 16:00:00,1.39
3/4/2022 16:00:00,1.32
3/7/2022 16:00:00,1.34
3/8/2022 16:00:00,1.3
3/9/2022 16:00:00,1.34
3/10/2022 16:00:00,1.33
3/11/2022 16:00:00,1.37
3/14/2022 16:00:00,1.35
3/15/2022 16:00:00,1.31
3/16/2022 16:00:00,1.34
3/17/2022 16:00:00,1.41
3/18/2022 16:00:00,1.41
3/21/2022 16:00:00,1.38
3/22/2022 16:00:00,1.48
3/23/2022 16:00:00,1.58
3/24/2022 16:00:00,1.54
3/25/2022 16:00:00,1.58
3/28/2022 16:00:00,1.55
3/29/2022 16:00:00,1.54
3/30/2022 16:00:00,1.55
3/31/2022 16:00:00,1.63
4/1/2022 16:00:00,1.72
4/4/2022 16:00:00,1.75
4/5/2022 16:00:00,1.7
4/6/2022 16:00:00,1.63
4/7/2022 16:00:00,1.6
4/8/2022 16:00:00,1.59
4/11/2022 16:00:00,1.55
4/12/2022 16:00:00,1.54
4/13/2022 16:00:00,1.55
4/14/2022 16:00:00,1.57
4/19/2022 16:00:00,1.8
4/20/2022 16:00:00,1.82
4/21/2022 16:00:00,1.8
4/22/2022 16:00:00,1.73
4/26/2022 16:00:00,1.65
4/27/2022 16:00:00,1.84
4/28/2022 16:00:00,1.99
4/29/2022 16:00:00,1.98
5/2/2022 16:00:00,1.92
5/3/2022 16:00:00,1.87
5/4/2022 16:00:00,1.84
5/5/2022 16:00:00,1.88
5/6/2022 16:00:00,1.83
5/9/2022 16:00:00,1.71
5/10/2022 16:00:00,1.61
5/11/2022 16:00:00,1.62
5/12/2022 16:00:00,1.58
5/13/2022 16:00:00,1.68
5/16/2022 16:00:00,1.69
5/17/2022 16:00:00,1.76
5/18/2022 16:00:00,1.85
5/19/2022 16:00:00,1.82
5/20/2022 16:00:00,1.85
5/23/2022 16:00:00,1.82
5/24/2022 16:00:00,1.83
5/25/2022 16:00:00,1.79
5/26/2022 16:00:00,1.79
5/27/2022 16:00:00,1.79
5/30/2022 16:00:00,1.85
5/31/2022 16:00:00,1.84
6/1/2022 16:00:00,1.64
6/2/2022 16:00:00,1.6
6/3/2022 16:00:00,1.66
6/6/2022 16:00:00,1.59
6/7/2022 16:00:00,1.53
6/8/2022 16:00:00,1.54
6/9/2022 16:00:00,1.38
6/10/2022 16:00:00,1.36
6/14/2022 16:00:00,1.25
6/15/2022 16:00:00,1.17
6/16/2022 16:00:00,1.23
6/17/2022 16:00:00,1.22
6/20/2022 16:00:00,1.13
6/21/2022 16:00:00,1.16
6/22/2022 16:00:00,1.16
6/23/2022 16:00:00,1.16
6/24/2022 16:00:00,1.24
6/27/2022 16:00:00,1.28
6/28/2022 16:00:00,1.32
6/29/2022 16:00:00,1.26
6/30/2022 16:00:00,1.24
7/1/2022 16:00:00,1.25
7/4/2022 16:00:00,1.25
7/5/2022 16:00:00,1.25
7/6/2022 16:00:00,1.24
7/7/2022 16:00:00,1.24
7/8/2022 16:00:00,1.27
7/11/2022 16:00:00,1.24
7/12/2022 16:00:00,1.2
7/13/2022 16:00:00,1.2
7/14/2022 16:00:00,1.19
7/15/2022 16:00:00,1.14
7/18/2022 16:00:00,1.2
7/19/2022 16:00:00,1.26
7/20/2022 16:00:00,1.31
7/21/2022 16:00:00,1.32
7/22/2022 16:00:00,1.33
7/25/2022 16:00:00,1.28
7/26/2022 16:00:00,1.27
7/27/2022 16:00:00,1.29
7/28/2022 16:00:00,1.46
7/29/2022 16:00:00,1.47
8/1/2022 16:00:00,1.4
8/2/2022 16:00:00,1.39
8/3/2022 16:00:00,1.44
8/4/2022 16:00:00,1.43
8/5/2022 16:00:00,1.47
8/8/2022 16:00:00,1.56
8/9/2022 16:00:00,1.59
8/10/2022 16:00:00,1.57
8/11/2022 16:00:00,1.61
8/12/2022 16:00:00,1.57
8/15/2022 16:00:00,1.6
8/16/2022 16:00:00,1.59
8/17/2022 16:00:00,1.58
8/18/2022 16:00:00,1.54
8/19/2022 16:00:00,1.53
8/22/2022 16:00:00,1.53
8/23/2022 16:00:00,1.52
8/24/2022 16:00:00,1.58
8/25/2022 16:00:00,1.62
8/26/2022 16:00:00,1.72
8/29/2022 16:00:00,1.72
8/30/2022 16:00:00,1.79
8/31/2022 16:00:00,1.87
9/1/2022 16:00:00,1.77
9/2/2022 16:00:00,1.64
9/5/2022 16:00:00,1.64
9/6/2022 16:00:00,1.69
9/7/2022 16:00:00,1.66
9/8/2022 16:00:00,1.72
9/9/2022 16:00:00,1.79
9/12/2022 16:00:00,1.88
9/13/2022 16:00:00,1.91
9/14/2022 16:00:00,1.83
9/15/2022 16:00:00,1.88
9/16/2022 16:00:00,1.88
9/19/2022 16:00:00,1.78
9/20/2022 16:00:00,1.91
9/26/2022 16:00:00,1.56
9/27/2022 16:00:00,1.57
9/28/2022 16:00:00,1.52
9/29/2022 16:00:00,1.61
9/30/2022 16:00:00,1.64
10/3/2022 16:00:00,1.58
10/4/2022 16:00:00,1.7
10/5/2022 16:00:00,1.7
10/6/2022 16:00:00,1.73
10/7/2022 16:00:00,1.79
10/10/2022 16:00:00,1.76
10/11/2022 16:00:00,1.78
10/12/2022 16:00:00,1.75
10/13/2022 16:00:00,1.69
10/14/2022 16:00:00,1.72
10/17/2022 16:00:00,1.68
10/18/2022 16:00:00,1.76
10/19/2022 16:00:00,1.88
10/20/2022 16:00:00,2.08
10/21/2022 16:00:00,2.2
10/24/2022 16:00:00,2.43
10/25/2022 16:00:00,2.37
10/26/2022 16:00:00,2.35
10/27/2022 16:00:00,2.36
10/28/2022 16:00:00,2.35
10/31/2022 16:00:00,2.39
11/1/2022 16:00:00,2.51
11/2/2022 16:00:00,2.42
11/3/2022 16:00:00,2.45
11/4/2022 16:00:00,2.55
11/7/2022 16:00:00,2.51
11/8/2022 16:00:00,2.58
11/9/2022 16:00:00,2.67
11/10/2022 16:00:00,2.57
11/11/2022 16:00:00,2.63
11/14/2022 16:00:00,2.55
11/15/2022 16:00:00,2.55
11/16/2022 16:00:00,2.54
11/17/2022 16:00:00,2.49
11/18/2022 16:00:00,2.37
11/21/2022 16:00:00,2.34
11/22/2022 16:00:00,2.35
11/23/2022 16:00:00,2.45
11/24/2022 16:00:00,2.4
11/25/2022 16:00:00,2.29
11/28/2022 16:00:00,2.27
11/29/2022 16:00:00,2.36
11/30/2022 16:00:00,2.59
12/1/2022 16:00:00,2.49
12/2/2022 16:00:00,2.52